adjacent_pair	pair_label	preset	raw_blocks	blocks_before_partner_prune	dropped_partner_blocks	tuned_blocks	target_blocks	reached_target	fill_mode_block_threshold	score_mode	block_mode	block_limit	chr_fill_target	chr_fill_min	chr_fill_mean	chr_fill_pass_fraction	chr_fill_pass_count	chr_fill_total_chr	score	coverage	min_block	min_identity	min_mapq	min_pair_aln	min_pair_blocks	max_partners_per_chr	partner_cap_mode	selected
0	Stenella_coeruleoalba_vs_Delphinus_delphis	existing_paf	11297	9341	8	9333	10000	1	300	noise_aware_rollback_random_single_param	1	10000	0.9	0.0	0.6822201827471729	0.6615384615384615	43	65	2355.730758	0.784615	13	0.6811922771481211	43	23	4	4	both	1
1	Delphinus_delphis_vs_Lagenorhynchus_albirostris	existing_paf	39884	20615	38	10000	10000	1	300	block_limit_cap	1	10000	0.9	0.0	0.5867014626095512	0.0	0	54	1481.630509	0.870370	7774	0.95823	60	7774	1	4	both	1
2	Lagenorhynchus_albirostris_vs_Lagenorhynchus_acutus	existing_paf	48492	10188	0	10000	10000	1	300	block_limit_cap	1	10000	0.9	0.0	0.6007491835489691	0.0	0	46	1577.413493	0.978261	72555	0.8717330876506985	58	110118	0	4	both	1
3	Lagenorhynchus_acutus_vs_Grampus_griseus	existing_paf	44021	28130	0	10000	10000	1	300	block_limit_cap	1	10000	0.9	0.0	0.8457336323192735	0.425531914893617	20	47	1598.053384	0.978723	10339	0.90802	60	8991	1	4	both	1
4	Grampus_griseus_vs_Globicephala_melas	existing_paf	9253	8743	0	8743	10000	1	300	noise_aware_rollback_random_single_param	1	10000	0.9	0.0	0.8786024427091363	0.84	42	50	2360.908395	0.920000	202	0.39556911229719	16	206	19	4	both	1
5	Globicephala_melas_vs_Pseudorca_crassidens	existing_paf	10798	8016	23	7993	10000	1	300	noise_aware_rollback_random_single_param	1	10000	0.9	0.0	0.7550598750058506	0.6896551724137931	40	58	2380.137420	0.862069	2202	0.728970078842269	49	5537	6	4	both	1
6	Pseudorca_crassidens_vs_Orcinus_orca	existing_paf	38908	30048	429	10000	10000	1	300	block_limit_cap	1	10000	0.9	0.0	0.7487297006052165	0.6727272727272727	37	55	1913.684484	0.836364	1092	0.88092	36	950	1	4	both	1
7	Orcinus_orca_vs_Neophocaena_sunameri	existing_paf	156985	14464	0	10000	10000	1	300	block_limit_cap	1	10000	0.9	0.24419158024391055	0.34666571468686214	0.0	0	44	754.675158	1.000000	35630	0.8884220083489877	51	146699	0	4	both	1
8	Neophocaena_sunameri_vs_Phocoena_phocoena	existing_paf	11274	10136	93	10000	10000	1	300	block_limit_cap	1	10000	0.9	0.798810989066219	0.9599114908660316	0.9090909090909091	40	44	2403.659935	1.000000	2176	0.45760104404941604	11	16516	1	4	both	1
